date,return,equity,pnl,rolling_sharpe_30d,fee_drag,funding_pnl,weight_BTC,weight_HYPE,weight_PAXG,weight_TRX,weight_WLFI,weight_VVV,weight_TON,weight_ZRO,weight_XPL
2026-01-13 00:00:00+00:00,0.012120781624368249,1.0121207816243682,0.012120781624368249,,0.0003499999999999973,0.0009333666061507101,0.0,-0.21422149456033976,0.10770995987691775,0.0,0.21009598922057288,0.22776448399031216,-0.09322489648393158,0.0,-0.2083632911001598
2026-01-14 00:00:00+00:00,-0.028782706810769998,0.9829892059097867,-0.017010794090213333,,0.0,0.001809010270949036,0.0,-0.22223077352832568,0.11153077655815256,0.0,0.2098620808765668,0.20839054766542717,-0.09394947753707282,0.0,-0.21445874643839924
2026-01-15 00:00:00+00:00,0.026745181322645584,1.0092794304600472,0.0092794304600472,,0.0,0.000633926345621601,0.0,-0.20612887944452504,0.10846132673712351,0.0,0.19716790681312632,0.19714533382513874,-0.08771908819535318,0.0,-0.1843288095215465
2026-01-16 00:00:00+00:00,-0.0018427865275917332,1.00741954392302,0.007419543923020022,,0.0,0.00028365448033658685,0.0,-0.20880639446165192,0.10816793907947704,0.0,0.197942000613346,0.2021056036421462,-0.08956264401769669,0.0,-0.18733366929952444
2026-01-17 00:00:00+00:00,-0.006219126459582891,1.0011542743815074,0.001154274381507392,,0.0,0.00024927057923880254,0.0,-0.2136599657381576,0.10907192959322091,0.0,0.1987091296516582,0.19563102400900576,-0.09089323523534834,0.0,-0.18271403692818877
2026-01-18 00:00:00+00:00,0.021609543003944465,1.0227887607273374,0.022788760727337376,,0.0,0.0003196742693488521,0.0,-0.20124254007114029,0.10847115715419524,0.0,0.19102067181395435,0.19109081629663366,-0.08531436414460902,0.0,-0.16738286281522985
2026-01-19 00:00:00+00:00,0.004119469862543967,1.0270021082029024,0.027002108202902386,,0.0,0.00031867592009501773,0.0,-0.19439483452619324,0.10796158464711535,0.0,0.1900416102494083,0.18757452660551877,-0.08101157539644198,0.0,-0.1698935623771239
2026-01-20 00:00:00+00:00,0.016946058155159704,1.0444057456539804,0.044405745653980366,,0.00015647401919985956,0.00064021496731336,0.0,-0.1738616001169938,0.0,0.0,0.19045258032751325,0.1721305699515607,0.0,0.2011492053350872,-0.17704626921533495
2026-01-21 00:00:00+00:00,0.03249057550627965,1.0783390893923432,0.07833908939234324,,0.0,0.0002212898438464992,0.0,-0.17278929434324863,0.0,0.0,0.1942150615756723,0.18653991121045793,0.0,0.20864203990604605,-0.179226595694046
2026-01-22 00:00:00+00:00,0.02597658286869775,1.1063506541084995,0.10635065410849953,,0.0,0.00036831720683453805,0.0,-0.1677337941659978,0.0,0.0,0.19012849849595395,0.17504745545094952,0.0,0.22926598816834914,-0.17037735764855497
2026-01-23 00:00:00+00:00,0.02462748511083257,1.1335972883699166,0.13359728836991658,,0.0,0.00029416523334663177,0.0,-0.17288035668664048,0.0,0.0,0.1884511616735838,0.19345531924204265,0.0,0.23317673633114455,-0.16828466662467634
2026-01-24 00:00:00+00:00,-0.042021412844559736,1.0859619287158508,0.08596192871585084,,0.0,0.00021945668923266167,0.0,-0.1848874120526114,0.0,0.0,0.20412872714166144,0.19523997405164176,0.0,0.20986061071318438,-0.18250212649360775
2026-01-25 00:00:00+00:00,-0.00013048830114015253,1.0858202233886698,0.08582022338866979,,0.0,0.00017777384895327874,0.0,-0.17700361497379266,0.0,0.0,0.1899715562310742,0.1933049835411949,0.0,0.20292808181618732,-0.16763797425477794
2026-01-26 00:00:00+00:00,0.00503667220147519,1.091289143923611,0.09128914392361098,,0.0,4.7366382994809065e-05,0.0,-0.19771472834738954,0.0,0.0,0.18131443171989878,0.2239159699483396,0.0,0.2134954013048093,-0.17569431654328127
2026-01-27 00:00:00+00:00,-0.08080411368709939,1.0031084918725102,0.0031084918725101662,,0.00015586086532883188,8.701339590270748e-05,0.0,-0.26892569107732983,0.22331315099811644,0.0,0.0,0.19970403164012474,0.0,0.21690803911403933,-0.2412844575499683
2026-01-28 00:00:00+00:00,-0.027744005870932953,0.9752782439848166,-0.02472175601518345,,0.0,-0.0001155518381170233,0.0,-0.3089596995330914,0.24521447034787847,0.0,0.0,0.20635468398028123,0.0,0.22228380311339088,-0.2598935256274418
2026-01-29 00:00:00+00:00,0.05623727905556164,1.0301252387486088,0.03012523874860884,,0.0,8.203343744961236e-05,0.0,-0.2613712564772053,0.22946863639641854,0.0,0.0,0.17240673734612352,0.0,0.22526818039389232,-0.21319769998622642
2026-01-30 00:00:00+00:00,-0.05284188158398728,0.9756914828659782,-0.024308517134021823,,0.0,0.00019249045522348946,0.0,-0.27456238243688896,0.21768883604790212,0.0,0.0,0.17038655244398893,0.0,0.21168083855288727,-0.22010027712597963
2026-01-31 00:00:00+00:00,-0.01398965911567207,0.9620418916186185,-0.03795810838138147,,0.0,9.122956193833838e-05,0.0,-0.2819249877518733,0.21711209470758303,0.0,0.0,0.15324031140952826,0.0,0.19690592709634877,-0.19302936544179078
2026-02-01 00:00:00+00:00,-0.008625063288832946,0.9537442194168994,-0.04625578058310065,,0.0,-6.769354504316218e-05,0.0,-0.28048582464891175,0.21513632197424193,0.0,0.0,0.14161402955159919,0.0,0.19351161718987242,-0.18530092972072293
2026-02-02 00:00:00+00:00,-0.01558238909491394,0.9388826058929203,-0.061117394107079726,,0.0,-6.49193324942799e-05,0.0,-0.3105024722057687,0.2203391539840176,0.0,0.0,0.14586027274231472,0.0,0.20768083370480256,-0.1933285085093537
2026-02-03 00:00:00+00:00,0.035935728272979306,0.9726220360985149,-0.02737796390148506,,0.00023123021038273065,-3.767287583753178e-05,-0.18577360646340993,0.0,0.16916094240729976,0.0,0.0,0.1997561840879741,-0.03030715859203579,0.19266234094582846,-0.17671554797375216
2026-02-04 00:00:00+00:00,-0.009736258642590312,0.963152336393577,-0.036847663606423,,0.0,-7.095970383458558e-05,-0.18119906904788063,0.0,0.1731069271379433,0.0,0.0,0.18573718543855047,-0.030408052955817357,0.1913828218924731,-0.17793751256096554
2026-02-05 00:00:00+00:00,-0.021942337495761244,0.9420185227685982,-0.05798147723140179,,0.0,-6.579306019341432e-05,-0.1592957538654862,0.0,0.1654647958863251,0.0,0.0,0.15200969594418146,-0.028166159432115655,0.16322667287937767,-0.1513194436237166
2026-02-06 00:00:00+00:00,0.023930321689402234,0.9645613290558263,-0.035438670944173745,,0.0,-0.00015705495234887186,-0.17442641240805554,0.0,0.17001418648973954,0.0,0.0,0.17858113655022523,-0.03051232536691536,0.1753226954694676,-0.15685185769221943
2026-02-07 00:00:00+00:00,0.004435718553480461,0.9688398516390889,-0.031160148360911077,,0.0,-0.0002271256135502434,-0.17050393262266472,0.0,0.170985110402377,0.0,0.0,0.17004451732493153,-0.03095665565731272,0.1826307950176111,-0.15614613473244696
2026-02-08 00:00:00+00:00,-0.0022657037330594543,0.9666447475704935,-0.03335525242950654,,0.0,1.8944917816367568e-05,-0.17350992478196534,0.0,0.17311275292750083,0.0,0.0,0.16277256850407393,-0.030516383420204237,0.18650023271379565,-0.15421830010785445
2026-02-09 00:00:00+00:00,0.014998687460457516,0.9811431500245962,-0.018856849975403822,,0.0,-9.716793359902249e-05,-0.17044987918946072,0.0,0.17039241706932579,0.0,0.0,0.16346466232486806,-0.029207718464530893,0.19630264221136964,-0.15391391409106836
2026-02-10 00:00:00+00:00,-0.0005676147055350134,0.9805862387444073,-0.019413761255592688,,0.00014639590243740642,-0.00011347657046321178,-0.19639620713578895,0.05623067803899473,0.04862957014772857,0.0,-0.08875322281599003,0.19731914484205834,0.0,0.19594079149153382,-0.19393878228456563
2026-02-11 00:00:00+00:00,0.03914204433251234,1.0189683887731924,0.0189683887731924,0.6835929588539283,0.0,-0.0002783933947628325,-0.18421309595288723,0.05515264952441722,0.047073449802880835,0.0,-0.08174281595254881,0.1858327431003435,0.0,0.2221026665415814,-0.1879549522842344
2026-02-12 00:00:00+00:00,-0.03774015096437788,0.9805123679529633,-0.01948763204703674,-0.3965486404729237,0.0,-0.00024096981365165867,-0.18911135754999142,0.0606129031567318,0.047499962990852795,0.0,-0.08831154315219387,0.19725839548494475,0.0,0.21131267404931334,-0.21977413271763435
2026-02-13 00:00:00+00:00,0.09605154079572076,1.074692091664106,0.07469209166410606,1.978076231610109,0.0,0.0001809693635342094,-0.1792533893457947,0.05617334477631969,0.0443730618596634,0.0,-0.07897401751870656,0.28933863545889327,0.0,0.1859178114302054,-0.2123272266631327
2026-02-14 00:00:00+00:00,0.010938438195924771,1.086447544688423,0.08644754468842297,1.6960900341231566,0.0,0.004003843828266348,-0.17981297273379798,0.056056791948443076,0.04371537132753034,0.0,-0.0805024381874917,0.308084480636738,0.0,0.18415155665411628,-0.22072380268595365
2026-02-15 00:00:00+00:00,0.1411259744791531,1.2397735131530598,0.23977351315305984,3.516849777848206,0.0,0.012815470245508092,-0.15533080728469081,0.04734503977648476,0.038308216500655794,0.0,-0.06644884909908276,0.3777299916449054,0.0,0.15024642261173307,-0.1821628310128025
2026-02-16 00:00:00+00:00,-0.029770752592200966,1.2028645226226162,0.20286452262261623,3.126091877053503,0.0,0.00921349288429901,-0.16026456419625798,0.04965497625088427,0.039276118821391884,0.0,-0.06812906539234782,0.36282501207579876,0.0,0.15193981602495704,-0.19936146504645233
2026-02-17 00:00:00+00:00,-0.011108845289535041,1.1895020867365311,0.18950208673653113,2.636719092588526,0.00018260492451654378,0.0005343115535537119,-0.19812860546387312,0.19099282914580942,0.019045904531521204,0.0,-0.08158642042380472,0.21302081884106497,0.0,0.18720157714026864,-0.10080320616890595
2026-02-18 00:00:00+00:00,-0.04703528384633748,1.1335535184510677,0.13355351845106767,1.829052417584573,0.0,0.0007607682378373827,-0.20469100778158444,0.19480616097639514,0.02045025151962148,0.0,-0.09246264253088528,0.18864099689080677,0.0,0.1853228655201523,-0.10113946597705388
2026-02-19 00:00:00+00:00,0.0037349034098044243,1.1377872313523263,0.1377872313523263,1.6396977452399957,0.0,-1.841637249766255e-05,-0.20560226207024826,0.1963426902552759,0.020444565587383015,0.0,-0.09151903273060909,0.190365770895364,0.0,0.1861135020961205,-0.1021891628252392
2026-02-20 00:00:00+00:00,0.05907176029154493,1.2049983259455515,0.20499832594555145,1.9871365560353988,0.0,-3.477015745974688e-05,-0.19702985320184818,0.19413056349126137,0.01975801134567154,0.0,-0.09019841081695838,0.21500941493376294,0.0,0.19534651678464987,-0.09806869323413162
2026-02-21 00:00:00+00:00,-0.006022388294872005,1.1977413581320366,0.19774135813203664,1.5357811111485742,0.0,-0.0001325138609857415,-0.19809241689126425,0.19121617837063556,0.01998388344542464,0.0,-0.09022782553669402,0.2116577937731624,0.0,0.2000688577406047,-0.1001367281993947
2026-02-22 00:00:00+00:00,-0.02787384940615556,1.16435569588794,0.16435569588793997,0.7815152813227779,0.0,0.0004491088303959402,-0.20277349641568868,0.19191543906701544,0.0207504912190853,0.0,-0.08823585935941229,0.19151163873055135,0.0,0.19430618592763912,-0.09541675177436033
2026-02-23 00:00:00+00:00,-0.020387782118691855,1.1406170656515189,0.14061706565151888,1.103686278433081,0.0,0.00025105982374150506,-0.19789659761045228,0.17807262208334237,0.021451858372731964,0.0,-0.08639726014460716,0.19149532993304955,0.0,0.18338771461658557,-0.09471103551704975
2026-02-24 00:00:00+00:00,0.0011732094286573957,1.1419552483474287,0.14195524834742868,1.1225554572603718,0.0001221351009698166,0.0005870966330074126,-0.19783749497979944,0.11616359160459687,0.0851125949001864,0.0,0.0,0.19224119633680048,0.0,0.20451229476762034,-0.19974353000220518
2026-02-25 00:00:00+00:00,-0.029138008498068246,1.1086809466166676,0.1086809466166676,0.624000909082233,0.0,0.0004905584841712159,-0.2162820445949396,0.12318141881457444,0.0878453263643007,0.0,0.0,0.21561644419472129,0.0,0.21030512081051586,-0.244719439840335
2026-02-26 00:00:00+00:00,0.04508006966644107,1.1586603609280028,0.15866036092800284,2.548252037243936,0.0,0.0012177518266261909,-0.2054570554812998,0.11886178758039419,0.08439889349596993,0.0,0.0,0.2155174561497136,0.0,0.21080975840731292,-0.21380327773019034
2026-02-27 00:00:00+00:00,0.03962882307848381,1.2045767073792708,0.2045767073792708,3.565061795543658,0.0,9.822123869695572e-05,-0.1928907987220942,0.11097488973984358,0.08264767233010983,0.0,0.0,0.2325799933320471,0.0,0.2064458469603108,-0.19942359335198453
2026-02-28 00:00:00+00:00,0.05533365521422118,1.271230339584477,0.27123033958447706,3.5544259254644057,0.0,0.00031576717008864765,-0.18581424444390743,0.12027819969971282,0.07949895309747954,0.0,0.0,0.2604256765586654,0.0,0.21546164031195608,-0.20998432985225537
2026-03-01 00:00:00+00:00,0.056766797256142754,1.3433940145375265,0.3433940145375265,5.292825502770004,0.0,0.0003598064429189377,-0.17268817143382348,0.11501723584513414,0.0760818775908327,0.0,0.0,0.28628608950510637,0.0,0.20383063317940833,-0.19031849398031567
2026-03-02 00:00:00+00:00,0.030110155291630525,1.3838438169330984,0.38384381693309844,5.990422753469185,0.0,0.0008538180133102794,-0.17539335923166877,0.11616653091426181,0.07287582208676424,0.0,0.0,0.3155413241432485,0.0,0.2061671175528013,-0.19804835623757136
2026-03-03 00:00:00+00:00,-0.06313306394883134,1.2964775167434663,0.29647751674346634,4.901397762188536,0.00017524050780091295,0.0010942296596751617,-0.08369131294178248,0.1853816280407348,0.0,0.0,0.0,0.17987701904445044,-0.15256835884184236,0.21097155868040146,-0.23613952010385655
2026-03-04 00:00:00+00:00,0.021658446089482863,1.3245572051460812,0.3245572051460812,5.4785976894377875,0.0,0.000987188556107936,-0.08711527036938925,0.18651373525576023,0.0,0.0,0.0,0.1879893527653674,-0.15557865434112123,0.21787052377052904,-0.22781677693928093
2026-03-05 00:00:00+00:00,-0.03643174707652852,1.2763012720598057,0.2763012720598057,4.348106484785283,0.0,0.0021588437593022852,-0.0881622778102767,0.18373874983139013,0.0,0.0,0.0,0.18697320598509037,-0.16688842656011568,0.2173089781505407,-0.24654945031774977
2026-03-06 00:00:00+00:00,0.03483724330547466,1.3207640900056399,0.3207640900056399,4.986916645304085,0.0,0.0018022565000453121,-0.08189135904180755,0.18039106505420544,0.0,0.0,0.0,0.1703130643060243,-0.16043201399029866,0.20472653589471845,-0.19767294072739017
2026-03-07 00:00:00+00:00,0.01737694204866136,1.3437149310576209,0.34371493105762085,5.612905803249712,0.0,0.0005880194048743714,-0.07948533227771663,0.17322316019362122,0.0,0.0,0.0,0.16895655337248142,-0.155526168862006,0.20966416475093053,-0.18686749525951832
2026-03-08 00:00:00+00:00,0.00012114641812766003,1.3438777173085033,0.34387771730850325,5.263961982961228,0.0,0.0011327163633861402,-0.07794246016900137,0.17537391984368106,0.0,0.0,0.0,0.1553968239576559,-0.15443640742637313,0.2135209671681728,-0.1829751517411046
2026-03-09 00:00:00+00:00,0.019371184200958513,1.3699102201140498,0.36991022011404984,5.4828026450160126,0.0,0.0003227080513817813,-0.07930949298860743,0.1942822902135402,0.0,0.0,0.0,0.14511475060149265,-0.1533026208838505,0.21389581785265455,-0.17550676884199753
2026-03-10 00:00:00+00:00,-0.007187079304710742,1.3600645667217564,0.36006456672175635,5.402579373518375,0.00018205904587330663,9.881592149776783e-05,-0.019327976615100564,0.17115659347551654,0.0,0.0,-0.20535013874957253,0.21375570018448314,-0.07005211914370213,0.14468272837633953,-0.21980146668266626
2026-03-11 00:00:00+00:00,0.02558067085016047,1.3948559307380317,0.3948559307380317,5.548775883194644,0.0,0.0002992875865933332,-0.018909786100679917,0.17682104644720611,0.0,0.0,-0.1980922440025663,0.2198195807114781,-0.06916124123992994,0.14413557566617471,-0.21527453007107422
2026-03-12 00:00:00+00:00,0.0052167077414442264,1.4021324864701121,0.4021324864701121,5.639249366421786,0.0,0.00045342588079732215,-0.018909551730211683,0.18102416858933354,0.0,0.0,-0.19659636306515257,0.23231205360797189,-0.06743918175622113,0.14285609581841094,-0.22937440982897156
2026-03-13 00:00:00+00:00,-0.012486384344565837,1.3846249213420445,0.3846249213420445,4.891915018841153,0.0,0.0013998153567170723,-0.019257565552601212,0.17928866046001538,0.0,0.0,-0.2053004133503425,0.24573729473614034,-0.06862130805203318,0.13427812112469262,-0.23575901874915575
2026-03-14 00:00:00+00:00,0.013604835232764234,1.4034625152560822,0.40346251525608223,5.77303660180664,0.0,0.0012347247278921703,-0.019073848743549022,0.1835076452086812,0.0,0.0,-0.20318751469545612,0.2499527055323599,-0.06705028521664168,0.13464732095787638,-0.23663375266324244
2026-03-15 00:00:00+00:00,-0.0037469021339564534,1.3982038785627413,0.3982038785627413,4.596592078929657,0.0,0.000692842984955008,-0.019575406190768602,0.18151331361385897,0.0,0.0,-0.20375621465210905,0.23124395044425222,-0.06762866921708158,0.147466520421515,-0.23139909495941152
2026-03-16 00:00:00+00:00,-0.01717987676779198,1.3741829082327846,0.37418290823278455,4.114525862430115,0.0,0.0012055649116779273,-0.02048573915733584,0.20235869016187347,0.0,0.0,-0.21296679181232783,0.23683950071272458,-0.07022803573283935,0.15586332674526515,-0.27156149736697416
2026-03-17 00:00:00+00:00,0.004897013450210652,1.3809123004174502,0.38091230041745017,2.4935432666697834,0.00020829008498170443,6.219746780405264e-05,-0.19597579229287976,0.20074850137217295,0.0,0.0,-0.1897846026656279,0.18460851512547155,-0.011252118389563952,0.19404419843545426,0.0
2026-03-18 00:00:00+00:00,0.010131229773957973,1.3949026402306641,0.3949026402306641,3.3790439752563364,0.0,-5.6600680436318964e-05,-0.1870471476527757,0.20319397863795738,0.0,0.0,-0.17966455568528775,0.1885241989637065,-0.010796095514204393,0.17643468435048973,0.0
2026-03-19 00:00:00+00:00,-0.008588158455239858,1.3829229953267308,0.3829229953267308,3.4365380668355385,0.0,-8.888468013601746e-05,-0.18523920760330184,0.1915248340200067,0.0,0.0,-0.17162299710248982,0.18677422700727953,-0.010253488625889097,0.17254026933597666,0.0
2026-03-20 00:00:00+00:00,-0.010562126242202874,1.3683163880668445,0.3683163880668445,4.412114008694988,0.0,-2.5315892658895807e-05,-0.18870269300192033,0.19450402760076996,0.0,0.0,-0.17476793955239797,0.18187709258016335,-0.010647555812100015,0.17277264270244783,0.0
2026-03-21 00:00:00+00:00,0.004363239179762779,1.3742866797415694,0.3742866797415694,4.426212631276445,0.0,-5.025141682754878e-05,-0.18361733236743893,0.1917292156985088,0.0,0.0,-0.17873697193465787,0.19416143668006944,-0.010529612416135661,0.16566275174553002,0.0
2026-03-22 00:00:00+00:00,-0.007527820251735595,1.3639412966421203,0.36394129664212027,3.141870370512941,0.0,-0.00011279838654180162,-0.18220833736188635,0.18930439896104456,0.0,0.0,-0.18249920642019216,0.19464232307242246,-0.010613727554620497,0.16392796594824036,0.0
2026-03-23 00:00:00+00:00,-0.006364131149072971,1.3552609953506531,0.35526099535065314,3.1333890435108875,0.0,-0.00013161927779635816,-0.19156400711568616,0.18560966568396534,0.0,0.0,-0.1965958527529754,0.19210192963948736,-0.011270099226593866,0.18910453609876451,0.0
2026-03-24 00:00:00+00:00,0.03277059282722261,1.3996737016039058,0.3996737016039058,4.583897239935436,0.00011026277263536826,-6.404445172725609e-05,-0.1927935855765828,0.20890236371152188,-0.07389812821810786,0.0,-0.1930729720858946,0.20970697784400974,-0.04412317483221298,0.04823171169154693,-0.030845565562786722
2026-03-25 00:00:00+00:00,0.00835441033770401,1.4113671500459979,0.4113671500459979,5.3531185711539875,0.0,9.531711748982682e-05,-0.19322872835715962,0.20720753738928005,-0.07249341422333772,0.0,-0.18877287080708402,0.21842136065055046,-0.04396965147811386,0.04517628352318241,-0.03147972330655017
2026-03-26 00:00:00+00:00,0.003890348259007137,1.416857859780999,0.4168578597809991,5.421606756643615,0.0,-6.564943328645296e-05,-0.18573935169813774,0.20040037217395637,-0.07072998309878528,0.0,-0.18139741886108096,0.20829287543874156,-0.04162431095829096,0.045062005752360565,-0.029233547715746405
2026-03-27 00:00:00+00:00,-0.009312282478445622,1.4036636791589125,0.40366367915891255,6.056012043452311,0.0,-1.0542858533716716e-05,-0.18091840564624573,0.19973688266158277,-0.07286859333018632,0.0,-0.18035748986233097,0.1955618993772609,-0.04049312366112293,0.04253798945265851,-0.028074394093636615
2026-03-28 00:00:00+00:00,-0.0003594423803188196,1.4031591429449086,0.4031591429449086,5.121000333047493,0.0,-9.225588496623677e-05,-0.18086624856712769,0.20390225331831702,-0.07291099581216985,0.0,-0.18132651809980488,0.19286809966210092,-0.041204196050236994,0.04226328838714063,-0.027891527802021386
2026-03-29 00:00:00+00:00,0.0008161933522734532,1.404304392109562,0.4043043921095619,4.264037396558585,0.0,2.5013029584335587e-05,-0.17967560996449622,0.19523018248860166,-0.07206804578653583,0.0,-0.18172144852098712,0.1999436291567174,-0.040551235859421046,0.041731787893949136,-0.02721142472520526
2026-03-30 00:00:00+00:00,-0.0039947958608759215,1.3986944827365528,0.39869448273655284,2.9309902287062033,0.0,-7.945746297767402e-05,-0.18257293376152878,0.1909369795806984,-0.07326399924847513,0.0,-0.1838258257301334,0.20909783998222525,-0.04094121927383548,0.03998799881236518,-0.02793003230258218
2026-03-31 00:00:00+00:00,-0.006859257949914155,1.389100476486341,0.38910047648634105,1.2508849444285361,9.496030547821618e-05,-4.140969112196523e-05,-0.18134771415839773,0.17747859333118743,-0.17077428513887058,0.0,-0.20225357541715153,0.21135429362168584,0.0,0.0,-0.08813484530971678
2026-04-01 00:00:00+00:00,-0.0099581480238643,1.3752676083214697,0.37526760832146966,-0.023034304234360675,0.0,6.824323126976309e-06,-0.18274231429799626,0.17638335993001708,-0.17544949581838137,0.0,-0.2059750056434808,0.22314978966599025,0.0,0.0,-0.10166063734667308
2026-04-02 00:00:00+00:00,-0.005908340255485034,1.3671420593491592,0.3671420593491592,2.344566816321018,0.0,3.3294905520282046e-06,-0.18053980598810618,0.1733269127735891,-0.17268090353886018,0.0,-0.20757727191146547,0.22847229850569292,0.0,0.0,-0.11482504738149758
2026-04-03 00:00:00+00:00,0.02166997086929845,1.3967679879494481,0.3967679879494481,2.344966657643806,0.0,6.714977593906588e-05,-0.1769113441395229,0.17167150253095456,-0.16833374846304727,0.0,-0.2004743854468986,0.23126345288404812,0.0,0.0,-0.10408677987889159
2026-04-04 00:00:00+00:00,-0.008511383695387065,1.3848795596705765,0.3848795596705765,3.923277846982628,0.0,0.00021725684520705613,-0.1792883029754984,0.17687148066991037,-0.16981898358392358,0.0,-0.20159655410758945,0.22774633866208333,0.0,0.0,-0.1117081064549724
2026-04-05 00:00:00+00:00,0.003431512295186012,1.389631790906938,0.389631790906938,2.7451511602591765,0.0,-2.1667607254238828e-05,-0.18325468459509284,0.17864696312244566,-0.16743256660207903,0.0,-0.2012811267305692,0.23517835715311808,0.0,0.0,-0.11532810083853674
2026-04-06 00:00:00+00:00,-0.018290071070530156,1.364215326689382,0.36421532668938195,0.8878258930504812,0.0,0.00011660990568021146,-0.186208882709935,0.1791950575241495,-0.17218733310672157,0.0,-0.2041547550836003,0.22236322365989386,0.0,0.0,-0.11595045963483816
2026-04-07 00:00:00+00:00,0.0575986049984587,1.442792226424207,0.442792226424207,2.935368165515335,0.00046585645972835993,-6.704801725784382e-05,0.0,0.036503607876125554,-0.01811454887119918,0.1884102103125456,-0.11599547869558761,0.1969294187611018,-0.024320310076712478,0.22196197151799602,0.2052711851437028
2026-04-08 00:00:00+00:00,-0.015213331752682357,1.4208425496334243,0.42084254963342427,1.5804088799763312,0.0,-0.00022212243854956832,0.0,0.03721443134537147,-0.01797880224926593,0.1927888966233851,-0.1057474208186951,0.19089490222581557,-0.0244247862739934,0.21408190981457512,0.19926347033881192
2026-04-09 00:00:00+00:00,0.024639124278531765,1.455850865794068,0.4558508657940681,2.7517744095231103,0.0,-0.0002499314035427225,0.0,0.03697455513050727,-0.017719232059436207,0.18963901356905094,-0.10102641971211651,0.20707195272452497,-0.024092501663637064,0.21087547046909536,0.19216210097246206
2026-04-10 00:00:00+00:00,0.02026871538588626,1.485359092637144,0.48535909263714405,2.584323869261268,0.0,-0.00037694277066821784,0.0,0.03820548959464534,-0.017307243036653548,0.18518109313647274,-0.09038360443162095,0.2044044308437298,-0.024742587611066028,0.20555892128406636,0.19941919297638352
2026-04-11 00:00:00+00:00,0.03065324781127976,1.530890172992488,0.530890172992488,3.404047054306992,0.0,-0.00034075465789172956,0.0,0.037676057354144595,-0.01679356294436483,0.179448305089456,-0.08645915812151493,0.22053408788728845,-0.0267666023336451,0.19926465522364734,0.2026750182593841
2026-04-12 00:00:00+00:00,-0.03286923373598294,1.4805709860722784,0.48057098607227844,2.5056473376822685,0.0,-0.00037420358353736766,0.0,0.03763890434274896,-0.017077031326970592,0.18688024997696573,-0.08809678963468064,0.21894914519166392,-0.027549005739096164,0.19881557443401995,0.19053432132426998
2026-04-13 00:00:00+00:00,0.06257343735072407,1.573215401912572,0.5732154019125719,3.622004264538545,0.0,-0.00024309770740960283,0.0,0.03844877278347405,-0.01637697492957134,0.17543135479267322,-0.08621538959648109,0.2311726040050394,-0.025697813963899384,0.1991765469536259,0.20204600744022339
2026-04-14 00:00:00+00:00,-0.010222077543730057,1.557133872081231,0.5571338720812311,3.4095282723050926,0.00020103105054190582,-0.0001453069029271147,0.0,0.19834791713672004,0.0,0.20415115397528197,-0.19986043517289132,0.2001411686428448,0.0,0.0,0.19331718686764024
2026-04-15 00:00:00+00:00,-0.0055858720499655234,1.548435921507118,0.548435921507118,3.806962047600798,0.0,-8.654183389527107e-05,0.0,0.20453432174308112,0.0,0.20748686967102914,-0.20167872548829235,0.19349712298287514,0.0,0.0,0.1900756066155612
2026-04-16 00:00:00+00:00,0.006036861877347199,1.5577836152911793,0.5577836152911793,3.840994929423537,0.0,-0.0001362779372231545,0.0,0.19954499334698525,0.0,0.20616613587118343,-0.20368785752756408,0.19096456554625346,0.0,0.0,0.20349958591681302
2026-04-17 00:00:00+00:00,-0.006457170194697492,1.547724741360733,0.5477247413607329,3.3304788399429794,0.0,-0.0001611020400237013,0.0,0.2045503761551193,0.0,0.20798846223276463,-0.2017738913676357,0.19848925233379802,0.0,0.0,0.1847728896589688
2026-04-18 00:00:00+00:00,-0.02887127122238764,1.5030399605753075,0.5030399605753075,2.629600852328487,0.0,-9.093972027411225e-05,0.0,0.2066617609498156,0.0,0.21523077432941032,-0.2025840145654484,0.19948017014549282,0.0,0.0,0.16326262814803963
2026-04-19 00:00:00+00:00,-0.011930068132918858,1.4851085914391444,0.4851085914391444,2.586085789712322,0.0,3.505539332042271e-05,0.0,0.19439023959990498,0.0,0.2174987286851503,-0.2008056954277032,0.20902530867783328,0.0,0.0,0.15686089916120816
2026-04-20 00:00:00+00:00,0.012298619178036763,1.503373376443285,0.5033733764432851,2.8087028249841803,0.0,-0.00014322671850423656,0.0,0.1920993431357042,0.0,0.21479094339711274,-0.2009340784535014,0.2197685858270901,0.0,0.0,0.15652565613522634
2026-04-21 00:00:00+00:00,-0.018721854804501836,1.47522743837256,0.4752274383725601,2.4522111800100554,7.997414053298384e-05,-0.00014582461653671048,0.10313962723330042,0.1990881640077995,-0.0005709308932752433,0.2064719448624526,-0.20570349673909877,0.19049032069943234,0.0,0.012894642057358144,0.08557851294687686
2026-04-22 00:00:00+00:00,0.007584644746850389,1.486416514413422,0.48641651441342204,2.85883139360842,0.0,-0.00010593322412735114,0.10484422663547602,0.2045213499506293,-0.000565014709487963,0.2027454006720808,-0.20136322456297553,0.18774635845326965,0.0,0.01246010581073367,0.08418055947618708
2026-04-23 00:00:00+00:00,-0.004434757003584977,1.4798246183658827,0.47982461836588275,1.8462144580590902,0.0,-0.00023285688776924598,0.10543120862636865,0.20616110644524183,-0.0005639189476552519,0.20307367315734118,-0.2017045395103476,0.18367008715721286,0.0,0.012898658629369151,0.08403138658787525
2026-04-24 00:00:00+00:00,0.004608518400170736,1.4866444173486475,0.4866444173486475,1.7374076429588226,0.0,-6.464919691078578e-05,0.10384208217901003,0.204574457771481,-0.0005626745654439109,0.1985426355203425,-0.19443656210967322,0.18763664394764099,0.0,0.012559501272956176,0.08277300407689972
2026-04-25 00:00:00+00:00,0.009738398625044997,1.5011219532984863,0.5011219532984863,1.9069105280185807,0.0,0.00010561726224526824,0.10307973757869993,0.20421532780870164,-0.0005567136578277507,0.1971213760375502,-0.1919085989675264,0.1927580590735745,0.0,0.012048117055399314,0.08197388156412952
2026-04-26 00:00:00+00:00,0.015532912972602064,1.524438749960334,0.524438749960334,2.639694831377944,0.0,8.280859018734611e-05,0.10285460687407652,0.20572371960610336,-0.0005460242599297354,0.1937763181847529,-0.18892540277447767,0.19852490026770378,0.0,0.012105765723248852,0.0812733005548811
2026-04-27 00:00:00+00:00,-0.013642580137694149,1.503641472148994,0.5036414721489939,2.225547197813238,0.0,-0.00014869691881420435,0.10255949158887484,0.2045903135968321,-0.0005547260520707328,0.19781916747205458,-0.18580668883210852,0.18879846007560985,0.0,0.011553941460052638,0.08051168154891694
2026-04-28 00:00:00+00:00,-0.012457157739534153,1.4849103731467286,0.4849103731467286,1.8224632856588283,8.168488588805708e-05,-3.717985718913082e-05,0.09634209545695098,0.1952715166642927,-0.10276635595611547,0.20062560677069327,-0.20521063369079806,0.20101788038033205,0.0,0.0,0.0
2026-04-29 00:00:00+00:00,0.025576061616953583,1.5228885323459829,0.5228885323459829,2.6363240250524167,0.0,-0.00011924216285430577,0.09323768956659494,0.18932561712628262,-0.09946731540497632,0.19616278410692328,-0.17117429900308204,0.19264193365843693,0.0,0.0,0.0
2026-04-30 00:00:00+00:00,0.0015838113510684426,1.5253005004899245,0.5253005004899245,2.8874589500693797,0.0,-0.0002785572029233664,0.09379463388830062,0.18787129842206646,-0.10070817613094145,0.19797450377460907,-0.1645943418566816,0.187614244109728,0.0,0.0,0.0
2026-05-01 00:00:00+00:00,0.04267799012381901,1.5903972601856897,0.5903972601856897,4.212563644150055,0.0,-0.00029677016789356913,0.09218259024141941,0.1867140070281393,-0.09627438030823676,0.19012701951859315,-0.14168568518770053,0.19565200874944141,0.0,0.0,0.0
2026-05-02 00:00:00+00:00,0.0005138009279797018,1.5912144077738295,0.5912144077738295,4.403358725962678,0.0,-0.00022134263323463915,0.09267965610800263,0.18718074456880596,-0.0961120341312427,0.1916449719659581,-0.14419635243402024,0.1960342057425475,0.0,0.0,0.0
2026-05-03 00:00:00+00:00,0.003765825650701382,1.5972066438063899,0.5972066438063899,3.9451745657648014,0.0,-0.00021194848028156953,0.09219342456917347,0.18782553431623708,-0.09588476301027696,0.19601509876166745,-0.15098042038750134,0.20042232613999283,0.0,0.0,0.0
2026-05-04 00:00:00+00:00,-0.015672584547660184,1.5721742876412497,0.5721742876412497,3.7169262623932333,0.0,-0.00015077505522577368,0.09517598847593978,0.1920100944202873,-0.09555134042837765,0.20053007533032977,-0.16725496654081884,0.19575240440741348,0.0,0.0,0.0
2026-05-05 00:00:00+00:00,0.0619750105072423,1.6696098056370323,0.6696098056370323,4.854643130300543,0.0002479780257767474,-0.00030270429097248807,0.0,0.19681493254506793,0.0,0.06080436427575176,-0.19294256789812125,0.21136083009097326,0.22252399119095534,-0.0517604215414434,-0.07939538691403877
2026-05-06 00:00:00+00:00,0.08058607333202095,1.8041571038699595,0.8041571038699595,6.577781677858895,0.0,-0.0009461202881935803,0.0,0.17971188094795412,0.0,0.05648359417470152,-0.183902814409276,0.233707817797173,0.2587785736677585,-0.04985748966330558,-0.07946374157063123
2026-05-07 00:00:00+00:00,0.00214226052748967,1.8080220784189702,0.8080220784189702,5.6194816710997575,0.0,-0.0005114531254921376,0.0,0.17680777003593184,0.0,0.05685303281173145,-0.2024269730771734,0.23434508669746285,0.2861447720446587,-0.05000506560456687,-0.08450087741821949
2026-05-08 00:00:00+00:00,0.003918001498734336,1.8151059116319606,0.8151059116319606,6.152396016201909,0.0,-0.0005241788238439857,0.0,0.17921188548535089,0.0,0.05677065744687623,-0.20486469765105988,0.2606464491189278,0.26403666154509275,-0.04858406619041349,-0.08720258063499203
2026-05-09 00:00:00+00:00,0.051833357099944743,1.9091889445238006,0.9091889445238006,6.554784891527861,0.0,-0.0004545274701803949,0.0,0.1689825109027036,0.0,0.05399618621229373,-0.18109346926284267,0.2908488941109923,0.2424309544447932,-0.0462943983473572,-0.07984309160704796
2026-05-10 00:00:00+00:00,-0.01706500641814135,1.8766086229320575,0.8766086229320575,5.621483098640592,0.0,-0.00040049331944629155,0.0,0.17230888482819406,0.0,0.055016785641447775,-0.18131048585820836,0.2727873295538425,0.2518676902766254,-0.04887663188587939,-0.0819241242425687
2026-05-11 00:00:00+00:00,0.03991443827922536,1.9515124019863412,0.9515124019863412,5.769664926392791,0.0,-0.0007075361586957371,0.0,0.16179259689190856,0.0,0.05294886237725888,-0.16927686909455208,0.3027626885810525,0.2368127538649918,-0.04780927448515281,-0.07518176154069411
2026-05-12 00:00:00+00:00,-0.017179848868181802,1.9179857138558334,0.9179857138558334,6.2712317731811105,0.00024728017822259467,9.453017217075104e-06,0.01464793095445723,0.0,0.0,0.20228048034749915,-0.20428912555037404,0.1925697932570641,0.1916442355645943,-0.1808969611764366,0.0
2026-05-13 00:00:00+00:00,-0.031160349980277058,1.8582206077549142,0.8582206077549142,4.251928649305559,0.0,-0.00015753294754508728,0.014898063622939552,0.0,0.0,0.20897182775308243,-0.21194383229942687,0.17517958744611356,0.18164436620515623,-0.17784789971018752,0.0
2026-05-14 00:00:00+00:00,0.00485559411323333,1.8672433727990179,0.8672433727990179,4.6448445043002105,0.0,-7.128404221013674e-05,0.01515538462756464,0.0,0.0,0.21065357422225517,-0.2158424753639507,0.17859812657648683,0.1831308917632844,-0.17681278203948408,0.0
2026-05-15 00:00:00+00:00,-0.005613849249594183,1.8567609499918203,0.8567609499918203,4.644089952641113,0.0,-2.5762955688228883e-07,0.014868402770774235,0.0,0.0,0.21081283678751164,-0.20718817967643302,0.16870086464515258,0.16886165086333157,-0.16571792032214405,0.0
2026-05-16 00:00:00+00:00,0.007266218693694704,1.8702525811163733,0.8702525811163733,4.673768864545847,0.0,-0.0001258299103059492,0.014582098756279955,0.0,0.0,0.21111722725439197,-0.19075850251286594,0.15833850755906465,0.16368654231470375,-0.1606625525587056,0.0
2026-05-17 00:00:00+00:00,0.016446644016671064,1.9010119595392545,0.9010119595392545,5.238859907451066,0.0,-0.0003460930048019451,0.014222535964070582,0.0,0.0,0.2077831238910495,-0.18443403459684798,0.16748741540785717,0.1617642408115779,-0.15717523050647814,0.0
2026-05-18 00:00:00+00:00,0.00530384872183709,1.9110946393910537,0.9110946393910537,6.280924595131683,0.0,-3.3958652395688676e-05,0.01406582792355707,0.0,0.0,0.20677415893419074,-0.1893708999295135,0.17827657468721247,0.16793321150884835,-0.16382725142922344,0.0
2026-05-19 00:00:00+00:00,0.025764682867968958,1.9603333867056396,0.9603333867056396,7.257168821825594,0.00014186020983974524,9.609190440100195e-05,0.0,0.1390750034595144,0.0,0.05670213651541613,-0.18873586339634307,0.21344819444294424,0.19321309418765262,-0.1935915759127214,0.0
2026-05-20 00:00:00+00:00,0.007293615686707833,1.9746313050460929,0.9746313050460929,7.131566248861389,0.0,7.66691261165795e-05,0.0,0.15770488717556364,0.0,0.05675632975855542,-0.19551724735480647,0.20563091498619965,0.1983098489730293,-0.19720283471892405,0.0
2026-05-21 00:00:00+00:00,0.03859715588813195,2.0508464573485425,1.0508464573485425,8.588279548633748,0.0,-6.610924277624733e-05,0.0,0.16220872434545744,0.0,0.05560449287461844,-0.18766191734032894,0.22249024985836896,0.1930932484616143,-0.19121343498217258,0.0
2026-05-22 00:00:00+00:00,-0.022545726493035656,2.004608634041951,1.004608634041951,7.603701167039505,0.0,5.437820877373617e-06,0.0,0.15461847297449008,0.0,0.05638252513085256,-0.18520410521605643,0.22043142343154074,0.1749563854650913,-0.18386393375513455,0.0
2026-05-23 00:00:00+00:00,0.012689068482736321,2.030045250280394,1.030045250280394,8.069559454394321,0.0,0.00016127171006345204,0.0,0.1642205029957371,0.0,0.055795986405072245,-0.18779557481925765,0.23033303023449478,0.17144586181175117,-0.18728186271062602,0.0
2026-05-24 00:00:00+00:00,0.020791242982548752,2.072252414344543,1.0722524143445429,8.457845855138654,0.0,3.841951550190037e-05,0.0,0.17194987779461338,0.0,0.055048185719743174,-0.1825183545998579,0.23410398730469412,0.1626958195676657,-0.17925653192708096,0.0
2026-05-25 00:00:00+00:00,-0.01356313995810865,2.0441461648202592,1.0441461648202592,7.763892739868549,0.0,0.00029335470481734594,0.0,0.16973575702610566,0.0,0.05675796660689501,-0.18427069100680876,0.215634036167791,0.18119512659635073,-0.18747350926306078,0.0
2026-05-26 00:00:00+00:00,0.009893475683820707,2.0643698751960837,1.0643698751960837,7.6317217259534464,5.240092160882602e-05,0.0004293976179899546,0.0,0.19288321556611376,0.0,0.0,-0.18410227815946337,0.19044840389976675,0.19815295644354064,-0.18992873571832186,0.0
2026-05-27 00:00:00+00:00,-0.013106202382876186,2.037313825818651,1.037313825818651,7.649642912167633,0.0,0.00039117432277014475,0.0,0.18923416356965667,0.0,0.0,-0.1936726924165219,0.190886554619931,0.19022123479645903,-0.18013728742884752,0.0
2026-05-28 00:00:00+00:00,0.013201758491441673,2.064209950918384,1.064209950918384,8.38739312711353,0.0,0.0003295646996607578,0.0,0.19941680672396203,0.0,0.0,-0.18910975222335843,0.183849854727162,0.18106826808597654,-0.1685494928535803,0.0
2026-05-29 00:00:00+00:00,0.0054784246720771534,2.0755185696418423,1.0755185696418423,7.929698428487003,0.0,-2.641475245941144e-06,0.0,0.20764070195077444,0.0,0.0,-0.1892757292667257,0.17963888032912675,0.1776724822542583,-0.16467553664097206,0.0
2026-05-30 00:00:00+00:00,0.025463741436403398,2.128369037845656,1.1283690378456561,8.494664580080538,0.0,4.1671215905136605e-05,0.0,0.2146919881980413,0.0,0.0,-0.18582729316495492,0.1863362459326507,0.18023941918233372,-0.16488821159936243,0.0
2026-05-31 00:00:00+00:00,0.03687515055198953,2.206852966546408,1.2068529665464078,8.423631122728894,0.0,-0.00023055766462829505,0.0,0.21846303713513077,0.0,0.0,-0.18013751068069317,0.1977230378608632,0.18111455135433305,-0.15902417133980187,0.0
2026-06-01 00:00:00+00:00,0.0252284210986069,2.2625283824891507,1.2625283824891507,9.024641194798077,0.0,-0.00040359427946462566,0.0,0.21760899848458928,0.0,0.0,-0.17475519351585078,0.19235821197007244,0.19551343400557253,-0.15393741632881716,0.0
2026-06-02 00:00:00+00:00,-0.022853161373337594,2.2108224562523695,1.2108224562523695,8.126362503058099,3.536565993249672e-05,-0.0004643445575674955,0.0,0.19423678377047585,0.0,0.0,-0.20623279089450314,0.20501341798815662,0.19281921056765428,-0.20404257708749587,0.0
2026-06-03 00:00:00+00:00,0.0011325479766450819,2.2133263187519194,1.2133263187519194,8.668382051745557,0.0,-0.0005500285419363548,0.0,0.20719212786658509,0.0,0.0,-0.2166858375696147,0.23116140039976937,0.18585341212550807,-0.2242520429623046,0.0
2026-06-04 00:00:00+00:00,-0.06052643952470149,2.079361557171551,1.0793615571715511,5.3698660878736755,0.0,9.97249416914775e-06,0.0,0.19053805325076592,0.0,0.0,-0.22114980595054184,0.19623845034207432,0.1720971980394893,-0.20708408525542543,0.0
2026-06-05 00:00:00+00:00,0.019486660167133962,2.1198813692007556,1.1198813692007556,4.540673283433959,0.0,0.0002452957873607818,0.0,0.17354345263887194,0.0,0.0,-0.20448985656390212,0.2051160775963166,0.1541168179830431,-0.1812701738718447,0.0
2026-06-06 00:00:00+00:00,-0.005253775067893263,2.1087439893163573,1.1087439893163573,4.329312536104487,0.0,0.0002473803129943972,0.0,0.16480749503765513,0.0,0.0,-0.20268951345771288,0.1823174527896318,0.16846087958817946,-0.17063373597083445,0.0
2026-06-07 00:00:00+00:00,0.019583086057782584,2.150039704332971,1.150039704332971,4.719503201508182,0.0,7.345977967434371e-06,0.0,0.17088608794590926,0.0,0.0,-0.20377323455465401,0.18722666261649468,0.17055542999431783,-0.1661650491650359,0.0
2026-06-08 00:00:00+00:00,0.023225519073265533,2.1999754924942345,1.1999754924942345,4.198218612514269,0.0,-1.824793641562582e-05,0.0,0.17844538343535502,0.0,0.0,-0.20121599528484874,0.18363319830889774,0.16911702009062674,-0.15213644250196584,0.0
2026-06-09 00:00:00+00:00,-0.02160875613217894,2.1524367585801563,1.1524367585801563,4.041032966952547,0.00015964129689523932,2.521742444354788e-05,0.0,0.18805019458763098,0.0,0.0,-0.04567287912284408,0.18661899439451107,0.15346109216285161,-0.20125628221715447,-0.19471465380066325
